{
  "src": [
    "drums.webm",
    "drums.mp3"
  ],
  "sprite": {
    "Clap": [
      0,
      3809.523809523809
    ],
    "Cymbal": [
      5000,
      3809.52380952381
    ],
    "HHClosed": [
      10000,
      3809.52380952381
    ],
    "HHOpen": [
      15000,
      3809.52380952381
    ],
    "Kick": [
      20000,
      3809.52380952381
    ],
    "Rimshot": [
      25000,
      3809.52380952381
    ],
    "Snare": [
      30000,
      3809.52380952381
    ],
    "Tom": [
      35000,
      3809.52380952381
    ]
  }
}